,args_string,args_vals,class_name,link,module,section_name
0,"damping=0.5, max_iter=200, convergence_iter=15, copy=True, preference=None, affinity='euclidean', verbose=False","[('damping', '0.5'), ('max_iter', '200'), ('convergence_iter', '15'), ('copy', 'True'), ('preference', 'None'), ('affinity', ""'euclidean'""), ('verbose', 'False')]",AffinityPropagation,http://scikit-learn.org/stable/modules/generated/sklearn.cluster.AffinityPropagation.html#sklearn.cluster.AffinityPropagation,sklearn.cluster,Clustering
1,"n_clusters=2, affinity='euclidean', memory=Memory(cachedir=None), connectivity=None, n_components=None, compute_full_tree='auto', linkage='ward', pooling_func=<function mean at 0x7f49277337b8>","[('n_clusters', '2'), ('affinity', ""'euclidean'""), ('memory', 'Memory(cachedir=None)'), ('connectivity', 'None'), ('n_components', 'None'), ('compute_full_tree', ""'auto'""), ('linkage', ""'ward'""), ('pooling_func', '<function mean at 0x7f49277337b8>')]",AgglomerativeClustering,http://scikit-learn.org/stable/modules/generated/sklearn.cluster.AgglomerativeClustering.html#sklearn.cluster.AgglomerativeClustering,sklearn.cluster,Clustering
2,"threshold=0.5, branching_factor=50, n_clusters=3, compute_labels=True, copy=True","[('threshold', '0.5'), ('branching_factor', '50'), ('n_clusters', '3'), ('compute_labels', 'True'), ('copy', 'True')]",Birch,http://scikit-learn.org/stable/modules/generated/sklearn.cluster.Birch.html#sklearn.cluster.Birch,sklearn.cluster,Clustering
3,"eps=0.5, min_samples=5, metric='euclidean', algorithm='auto', leaf_size=30, p=None, random_state=None","[('eps', '0.5'), ('min_samples', '5'), ('metric', ""'euclidean'""), ('algorithm', ""'auto'""), ('leaf_size', '30'), ('p', 'None'), ('random_state', 'None')]",DBSCAN,http://scikit-learn.org/stable/modules/generated/sklearn.cluster.DBSCAN.html#sklearn.cluster.DBSCAN,sklearn.cluster,Clustering
4,"n_clusters=2, affinity='euclidean', memory=Memory(cachedir=None), connectivity=None, n_components=None, compute_full_tree='auto', linkage='ward', pooling_func=<function mean at 0x7f49277337b8>","[('n_clusters', '2'), ('affinity', ""'euclidean'""), ('memory', 'Memory(cachedir=None)'), ('connectivity', 'None'), ('n_components', 'None'), ('compute_full_tree', ""'auto'""), ('linkage', ""'ward'""), ('pooling_func', '<function mean at 0x7f49277337b8>')]",FeatureAgglomeration,http://scikit-learn.org/stable/modules/generated/sklearn.cluster.FeatureAgglomeration.html#sklearn.cluster.FeatureAgglomeration,sklearn.cluster,Clustering
5,"n_clusters=8, init='k-means++', n_init=10, max_iter=300, tol=0.0001, precompute_distances='auto', verbose=0, random_state=None, copy_x=True, n_jobs=1","[('n_clusters', '8'), ('init', ""'k-means++'""), ('n_init', '10'), ('max_iter', '300'), ('tol', '0.0001'), ('precompute_distances', ""'auto'""), ('verbose', '0'), ('random_state', 'None'), ('copy_x', 'True'), ('n_jobs', '1')]",KMeans,http://scikit-learn.org/stable/modules/generated/sklearn.cluster.KMeans.html#sklearn.cluster.KMeans,sklearn.cluster,Clustering
6,"n_clusters=8, init='k-means++', max_iter=100, batch_size=100, verbose=0, compute_labels=True, random_state=None, tol=0.0, max_no_improvement=10, init_size=None, n_init=3, reassignment_ratio=0.01","[('n_clusters', '8'), ('init', ""'k-means++'""), ('max_iter', '100'), ('batch_size', '100'), ('verbose', '0'), ('compute_labels', 'True'), ('random_state', 'None'), ('tol', '0.0'), ('max_no_improvement', '10'), ('init_size', 'None'), ('n_init', '3'), ('reassignment_ratio', '0.01')]",MiniBatchKMeans,http://scikit-learn.org/stable/modules/generated/sklearn.cluster.MiniBatchKMeans.html#sklearn.cluster.MiniBatchKMeans,sklearn.cluster,Clustering
7,"bandwidth=None, seeds=None, bin_seeding=False, min_bin_freq=1, cluster_all=True, n_jobs=1","[('bandwidth', 'None'), ('seeds', 'None'), ('bin_seeding', 'False'), ('min_bin_freq', '1'), ('cluster_all', 'True'), ('n_jobs', '1')]",MeanShift,http://scikit-learn.org/stable/modules/generated/sklearn.cluster.MeanShift.html#sklearn.cluster.MeanShift,sklearn.cluster,Clustering
8,"n_clusters=8, eigen_solver=None, random_state=None, n_init=10, gamma=1.0, affinity='rbf', n_neighbors=10, eigen_tol=0.0, assign_labels='kmeans', degree=3, coef0=1, kernel_params=None","[('n_clusters', '8'), ('eigen_solver', 'None'), ('random_state', 'None'), ('n_init', '10'), ('gamma', '1.0'), ('affinity', ""'rbf'""), ('n_neighbors', '10'), ('eigen_tol', '0.0'), ('assign_labels', ""'kmeans'""), ('degree', '3'), ('coef0', '1'), ('kernel_params', 'None')]",SpectralClustering,http://scikit-learn.org/stable/modules/generated/sklearn.cluster.SpectralClustering.html#sklearn.cluster.SpectralClustering,sklearn.cluster,Clustering
9,"store_precision=True, assume_centered=False","[('store_precision', 'True'), ('assume_centered', 'False')]",EmpiricalCovariance,http://scikit-learn.org/stable/modules/generated/sklearn.covariance.EmpiricalCovariance.html#sklearn.covariance.EmpiricalCovariance,sklearn.covariance,Covariance Estimators
10,"store_precision=True, assume_centered=False, support_fraction=None, contamination=0.1, random_state=None","[('store_precision', 'True'), ('assume_centered', 'False'), ('support_fraction', 'None'), ('contamination', '0.1'), ('random_state', 'None')]",EllipticEnvelope,http://scikit-learn.org/stable/modules/generated/sklearn.covariance.EllipticEnvelope.html#sklearn.covariance.EllipticEnvelope,sklearn.covariance,Covariance Estimators
11,"alpha=0.01, mode='cd', tol=0.0001, enet_tol=0.0001, max_iter=100, verbose=False, assume_centered=False","[('alpha', '0.01'), ('mode', ""'cd'""), ('tol', '0.0001'), ('enet_tol', '0.0001'), ('max_iter', '100'), ('verbose', 'False'), ('assume_centered', 'False')]",GraphLasso,http://scikit-learn.org/stable/modules/generated/sklearn.covariance.GraphLasso.html#sklearn.covariance.GraphLasso,sklearn.covariance,Covariance Estimators
12,"alphas=4, n_refinements=4, cv=None, tol=0.0001, enet_tol=0.0001, max_iter=100, mode='cd', n_jobs=1, verbose=False, assume_centered=False","[('alphas', '4'), ('n_refinements', '4'), ('cv', 'None'), ('tol', '0.0001'), ('enet_tol', '0.0001'), ('max_iter', '100'), ('mode', ""'cd'""), ('n_jobs', '1'), ('verbose', 'False'), ('assume_centered', 'False')]",GraphLassoCV,http://scikit-learn.org/stable/modules/generated/sklearn.covariance.GraphLassoCV.html#sklearn.covariance.GraphLassoCV,sklearn.covariance,Covariance Estimators
13,"store_precision=True, assume_centered=False, block_size=1000","[('store_precision', 'True'), ('assume_centered', 'False'), ('block_size', '1000')]",LedoitWolf,http://scikit-learn.org/stable/modules/generated/sklearn.covariance.LedoitWolf.html#sklearn.covariance.LedoitWolf,sklearn.covariance,Covariance Estimators
14,"store_precision=True, assume_centered=False, support_fraction=None, random_state=None","[('store_precision', 'True'), ('assume_centered', 'False'), ('support_fraction', 'None'), ('random_state', 'None')]",MinCovDet,http://scikit-learn.org/stable/modules/generated/sklearn.covariance.MinCovDet.html#sklearn.covariance.MinCovDet,sklearn.covariance,Covariance Estimators
15,"store_precision=True, assume_centered=False","[('store_precision', 'True'), ('assume_centered', 'False')]",OAS,http://scikit-learn.org/stable/modules/generated/sklearn.covariance.OAS.html#sklearn.covariance.OAS,sklearn.covariance,Covariance Estimators
16,"store_precision=True, assume_centered=False, shrinkage=0.1","[('store_precision', 'True'), ('assume_centered', 'False'), ('shrinkage', '0.1')]",ShrunkCovariance,http://scikit-learn.org/stable/modules/generated/sklearn.covariance.ShrunkCovariance.html#sklearn.covariance.ShrunkCovariance,sklearn.covariance,Covariance Estimators
17,"n=None, n_folds=3, shuffle=False, random_state=None","[('n', None), ('n_folds', '3'), ('shuffle', 'False'), ('random_state', 'None')]",KFold,http://scikit-learn.org/stable/modules/generated/sklearn.cross_validation.KFold.html#sklearn.cross_validation.KFold,sklearn.cross_validation,Cross Validation
18,"labels=None, n_folds=3","[('labels', None), ('n_folds', '3')]",LabelKFold,http://scikit-learn.org/stable/modules/generated/sklearn.cross_validation.LabelKFold.html#sklearn.cross_validation.LabelKFold,sklearn.cross_validation,Cross Validation
19,"labels=None, n_iter=5, test_size=0.2, train_size=None, random_state=None","[('labels', None), ('n_iter', '5'), ('test_size', '0.2'), ('train_size', 'None'), ('random_state', 'None')]",LabelShuffleSplit,http://scikit-learn.org/stable/modules/generated/sklearn.cross_validation.LabelShuffleSplit.html#sklearn.cross_validation.LabelShuffleSplit,sklearn.cross_validation,Cross Validation
20,labels=None,"[('labels', None)]",LeaveOneLabelOut,http://scikit-learn.org/stable/modules/generated/sklearn.cross_validation.LeaveOneLabelOut.html#sklearn.cross_validation.LeaveOneLabelOut,sklearn.cross_validation,Cross Validation
21,n=None,"[('n', None)]",LeaveOneOut,http://scikit-learn.org/stable/modules/generated/sklearn.cross_validation.LeaveOneOut.html#sklearn.cross_validation.LeaveOneOut,sklearn.cross_validation,Cross Validation
22,"labels=None, p=None","[('labels', None), ('p', None)]",LeavePLabelOut,http://scikit-learn.org/stable/modules/generated/sklearn.cross_validation.LeavePLabelOut.html#sklearn.cross_validation.LeavePLabelOut,sklearn.cross_validation,Cross Validation
23,"n=None, p=None","[('n', None), ('p', None)]",LeavePOut,http://scikit-learn.org/stable/modules/generated/sklearn.cross_validation.LeavePOut.html#sklearn.cross_validation.LeavePOut,sklearn.cross_validation,Cross Validation
24,test_fold=None,"[('test_fold', None)]",PredefinedSplit,http://scikit-learn.org/stable/modules/generated/sklearn.cross_validation.PredefinedSplit.html#sklearn.cross_validation.PredefinedSplit,sklearn.cross_validation,Cross Validation
25,"n=None, n_iter=10, test_size=0.1, train_size=None, random_state=None","[('n', None), ('n_iter', '10'), ('test_size', '0.1'), ('train_size', 'None'), ('random_state', 'None')]",ShuffleSplit,http://scikit-learn.org/stable/modules/generated/sklearn.cross_validation.ShuffleSplit.html#sklearn.cross_validation.ShuffleSplit,sklearn.cross_validation,Cross Validation
26,"y=None, n_folds=3, shuffle=False, random_state=None","[('y', None), ('n_folds', '3'), ('shuffle', 'False'), ('random_state', 'None')]",StratifiedKFold,http://scikit-learn.org/stable/modules/generated/sklearn.cross_validation.StratifiedKFold.html#sklearn.cross_validation.StratifiedKFold,sklearn.cross_validation,Cross Validation
27,"y=None, n_iter=10, test_size=0.1, train_size=None, random_state=None","[('y', None), ('n_iter', '10'), ('test_size', '0.1'), ('train_size', 'None'), ('random_state', 'None')]",StratifiedShuffleSplit,http://scikit-learn.org/stable/modules/generated/sklearn.cross_validation.StratifiedShuffleSplit.html#sklearn.cross_validation.StratifiedShuffleSplit,sklearn.cross_validation,Cross Validation
28,"n_components=None, copy=True, whiten=False","[('n_components', 'None'), ('copy', 'True'), ('whiten', 'False')]",PCA,http://scikit-learn.org/stable/modules/generated/sklearn.decomposition.PCA.html#sklearn.decomposition.PCA,sklearn.decomposition,Matrix Decomposition
29,"n_components=None, whiten=False, copy=True, batch_size=None","[('n_components', 'None'), ('whiten', 'False'), ('copy', 'True'), ('batch_size', 'None')]",IncrementalPCA,http://scikit-learn.org/stable/modules/generated/sklearn.decomposition.IncrementalPCA.html#sklearn.decomposition.IncrementalPCA,sklearn.decomposition,Matrix Decomposition
30,"*args=None, **kwargs=None","[('*args', None), ('**kwargs', None)]",ProjectedGradientNMF,http://scikit-learn.org/stable/modules/generated/sklearn.decomposition.ProjectedGradientNMF.html#sklearn.decomposition.ProjectedGradientNMF,sklearn.decomposition,Matrix Decomposition
31,"n_components=None, copy=True, iterated_power=3, whiten=False, random_state=None","[('n_components', 'None'), ('copy', 'True'), ('iterated_power', '3'), ('whiten', 'False'), ('random_state', 'None')]",RandomizedPCA,http://scikit-learn.org/stable/modules/generated/sklearn.decomposition.RandomizedPCA.html#sklearn.decomposition.RandomizedPCA,sklearn.decomposition,Matrix Decomposition
32,"n_components=None, kernel='linear', gamma=None, degree=3, coef0=1, kernel_params=None, alpha=1.0, fit_inverse_transform=False, eigen_solver='auto', tol=0, max_iter=None, remove_zero_eig=False","[('n_components', 'None'), ('kernel', ""'linear'""), ('gamma', 'None'), ('degree', '3'), ('coef0', '1'), ('kernel_params', 'None'), ('alpha', '1.0'), ('fit_inverse_transform', 'False'), ('eigen_solver', ""'auto'""), ('tol', '0'), ('max_iter', 'None'), ('remove_zero_eig', 'False')]",KernelPCA,http://scikit-learn.org/stable/modules/generated/sklearn.decomposition.KernelPCA.html#sklearn.decomposition.KernelPCA,sklearn.decomposition,Matrix Decomposition
33,"n_components=None, tol=0.01, copy=True, max_iter=1000, noise_variance_init=None, svd_method='randomized', iterated_power=3, random_state=0","[('n_components', 'None'), ('tol', '0.01'), ('copy', 'True'), ('max_iter', '1000'), ('noise_variance_init', 'None'), ('svd_method', ""'randomized'""), ('iterated_power', '3'), ('random_state', '0')]",FactorAnalysis,http://scikit-learn.org/stable/modules/generated/sklearn.decomposition.FactorAnalysis.html#sklearn.decomposition.FactorAnalysis,sklearn.decomposition,Matrix Decomposition
34,"n_components=None, algorithm='parallel', whiten=True, fun='logcosh', fun_args=None, max_iter=200, tol=0.0001, w_init=None, random_state=None","[('n_components', 'None'), ('algorithm', ""'parallel'""), ('whiten', 'True'), ('fun', ""'logcosh'""), ('fun_args', 'None'), ('max_iter', '200'), ('tol', '0.0001'), ('w_init', 'None'), ('random_state', 'None')]",FastICA,http://scikit-learn.org/stable/modules/generated/sklearn.decomposition.FastICA.html#sklearn.decomposition.FastICA,sklearn.decomposition,Matrix Decomposition
35,"n_components=2, algorithm='randomized', n_iter=5, random_state=None, tol=0.0","[('n_components', '2'), ('algorithm', ""'randomized'""), ('n_iter', '5'), ('random_state', 'None'), ('tol', '0.0')]",TruncatedSVD,http://scikit-learn.org/stable/modules/generated/sklearn.decomposition.TruncatedSVD.html#sklearn.decomposition.TruncatedSVD,sklearn.decomposition,Matrix Decomposition
36,"n_components=None, init=None, solver='cd', tol=0.0001, max_iter=200, random_state=None, alpha=0.0, l1_ratio=0.0, verbose=0, shuffle=False, nls_max_iter=2000, sparseness=None, beta=1, eta=0.1","[('n_components', 'None'), ('init', 'None'), ('solver', ""'cd'""), ('tol', '0.0001'), ('max_iter', '200'), ('random_state', 'None'), ('alpha', '0.0'), ('l1_ratio', '0.0'), ('verbose', '0'), ('shuffle', 'False'), ('nls_max_iter', '2000'), ('sparseness', 'None'), ('beta', '1'), ('eta', '0.1')]",NMF,http://scikit-learn.org/stable/modules/generated/sklearn.decomposition.NMF.html#sklearn.decomposition.NMF,sklearn.decomposition,Matrix Decomposition
37,"n_components=None, alpha=1, ridge_alpha=0.01, max_iter=1000, tol=1e-08, method='lars', n_jobs=1, U_init=None, V_init=None, verbose=False, random_state=None","[('n_components', 'None'), ('alpha', '1'), ('ridge_alpha', '0.01'), ('max_iter', '1000'), ('tol', '1e-08'), ('method', ""'lars'""), ('n_jobs', '1'), ('U_init', 'None'), ('V_init', 'None'), ('verbose', 'False'), ('random_state', 'None')]",SparsePCA,http://scikit-learn.org/stable/modules/generated/sklearn.decomposition.SparsePCA.html#sklearn.decomposition.SparsePCA,sklearn.decomposition,Matrix Decomposition
38,"n_components=None, alpha=1, ridge_alpha=0.01, n_iter=100, callback=None, batch_size=3, verbose=False, shuffle=True, n_jobs=1, method='lars', random_state=None","[('n_components', 'None'), ('alpha', '1'), ('ridge_alpha', '0.01'), ('n_iter', '100'), ('callback', 'None'), ('batch_size', '3'), ('verbose', 'False'), ('shuffle', 'True'), ('n_jobs', '1'), ('method', ""'lars'""), ('random_state', 'None')]",MiniBatchSparsePCA,http://scikit-learn.org/stable/modules/generated/sklearn.decomposition.MiniBatchSparsePCA.html#sklearn.decomposition.MiniBatchSparsePCA,sklearn.decomposition,Matrix Decomposition
39,"dictionary=None, transform_algorithm='omp', transform_n_nonzero_coefs=None, transform_alpha=None, split_sign=False, n_jobs=1","[('dictionary', None), ('transform_algorithm', ""'omp'""), ('transform_n_nonzero_coefs', 'None'), ('transform_alpha', 'None'), ('split_sign', 'False'), ('n_jobs', '1')]",SparseCoder,http://scikit-learn.org/stable/modules/generated/sklearn.decomposition.SparseCoder.html#sklearn.decomposition.SparseCoder,sklearn.decomposition,Matrix Decomposition
40,"n_components=None, alpha=1, max_iter=1000, tol=1e-08, fit_algorithm='lars', transform_algorithm='omp', transform_n_nonzero_coefs=None, transform_alpha=None, n_jobs=1, code_init=None, dict_init=None, verbose=False, split_sign=False, random_state=None","[('n_components', 'None'), ('alpha', '1'), ('max_iter', '1000'), ('tol', '1e-08'), ('fit_algorithm', ""'lars'""), ('transform_algorithm', ""'omp'""), ('transform_n_nonzero_coefs', 'None'), ('transform_alpha', 'None'), ('n_jobs', '1'), ('code_init', 'None'), ('dict_init', 'None'), ('verbose', 'False'), ('split_sign', 'False'), ('random_state', 'None')]",DictionaryLearning,http://scikit-learn.org/stable/modules/generated/sklearn.decomposition.DictionaryLearning.html#sklearn.decomposition.DictionaryLearning,sklearn.decomposition,Matrix Decomposition
41,"n_components=None, alpha=1, n_iter=1000, fit_algorithm='lars', n_jobs=1, batch_size=3, shuffle=True, dict_init=None, transform_algorithm='omp', transform_n_nonzero_coefs=None, transform_alpha=None, verbose=False, split_sign=False, random_state=None","[('n_components', 'None'), ('alpha', '1'), ('n_iter', '1000'), ('fit_algorithm', ""'lars'""), ('n_jobs', '1'), ('batch_size', '3'), ('shuffle', 'True'), ('dict_init', 'None'), ('transform_algorithm', ""'omp'""), ('transform_n_nonzero_coefs', 'None'), ('transform_alpha', 'None'), ('verbose', 'False'), ('split_sign', 'False'), ('random_state', 'None')]",MiniBatchDictionaryLearning,http://scikit-learn.org/stable/modules/generated/sklearn.decomposition.MiniBatchDictionaryLearning.html#sklearn.decomposition.MiniBatchDictionaryLearning,sklearn.decomposition,Matrix Decomposition
42,"n_topics=10, doc_topic_prior=None, topic_word_prior=None, learning_method='online', learning_decay=0.7, learning_offset=10.0, max_iter=10, batch_size=128, evaluate_every=-1, total_samples=1000000.0, perp_tol=0.1, mean_change_tol=0.001, max_doc_update_iter=100, n_jobs=1, verbose=0, random_state=None","[('n_topics', '10'), ('doc_topic_prior', 'None'), ('topic_word_prior', 'None'), ('learning_method', ""'online'""), ('learning_decay', '0.7'), ('learning_offset', '10.0'), ('max_iter', '10'), ('batch_size', '128'), ('evaluate_every', '-1'), ('total_samples', '1000000.0'), ('perp_tol', '0.1'), ('mean_change_tol', '0.001'), ('max_doc_update_iter', '100'), ('n_jobs', '1'), ('verbose', '0'), ('random_state', 'None')]",LatentDirichletAllocation,http://scikit-learn.org/stable/modules/generated/sklearn.decomposition.LatentDirichletAllocation.html#sklearn.decomposition.LatentDirichletAllocation,sklearn.decomposition,Matrix Decomposition
43,"strategy='stratified', random_state=None, constant=None","[('strategy', ""'stratified'""), ('random_state', 'None'), ('constant', 'None')]",DummyClassifier,http://scikit-learn.org/stable/modules/generated/sklearn.dummy.DummyClassifier.html#sklearn.dummy.DummyClassifier,sklearn.dummy,Dummy estimators
44,"strategy='mean', constant=None, quantile=None","[('strategy', ""'mean'""), ('constant', 'None'), ('quantile', 'None')]",DummyRegressor,http://scikit-learn.org/stable/modules/generated/sklearn.dummy.DummyRegressor.html#sklearn.dummy.DummyRegressor,sklearn.dummy,Dummy estimators
45,"base_estimator=None, n_estimators=50, learning_rate=1.0, algorithm='SAMME.R', random_state=None","[('base_estimator', 'None'), ('n_estimators', '50'), ('learning_rate', '1.0'), ('algorithm', ""'SAMME.R'""), ('random_state', 'None')]",AdaBoostClassifier,http://scikit-learn.org/stable/modules/generated/sklearn.ensemble.AdaBoostClassifier.html#sklearn.ensemble.AdaBoostClassifier,sklearn.ensemble,Ensemble Methods
46,"base_estimator=None, n_estimators=50, learning_rate=1.0, loss='linear', random_state=None","[('base_estimator', 'None'), ('n_estimators', '50'), ('learning_rate', '1.0'), ('loss', ""'linear'""), ('random_state', 'None')]",AdaBoostRegressor,http://scikit-learn.org/stable/modules/generated/sklearn.ensemble.AdaBoostRegressor.html#sklearn.ensemble.AdaBoostRegressor,sklearn.ensemble,Ensemble Methods
47,"base_estimator=None, n_estimators=10, max_samples=1.0, max_features=1.0, bootstrap=True, bootstrap_features=False, oob_score=False, warm_start=False, n_jobs=1, random_state=None, verbose=0","[('base_estimator', 'None'), ('n_estimators', '10'), ('max_samples', '1.0'), ('max_features', '1.0'), ('bootstrap', 'True'), ('bootstrap_features', 'False'), ('oob_score', 'False'), ('warm_start', 'False'), ('n_jobs', '1'), ('random_state', 'None'), ('verbose', '0')]",BaggingClassifier,http://scikit-learn.org/stable/modules/generated/sklearn.ensemble.BaggingClassifier.html#sklearn.ensemble.BaggingClassifier,sklearn.ensemble,Ensemble Methods
48,"base_estimator=None, n_estimators=10, max_samples=1.0, max_features=1.0, bootstrap=True, bootstrap_features=False, oob_score=False, warm_start=False, n_jobs=1, random_state=None, verbose=0","[('base_estimator', 'None'), ('n_estimators', '10'), ('max_samples', '1.0'), ('max_features', '1.0'), ('bootstrap', 'True'), ('bootstrap_features', 'False'), ('oob_score', 'False'), ('warm_start', 'False'), ('n_jobs', '1'), ('random_state', 'None'), ('verbose', '0')]",BaggingRegressor,http://scikit-learn.org/stable/modules/generated/sklearn.ensemble.BaggingRegressor.html#sklearn.ensemble.BaggingRegressor,sklearn.ensemble,Ensemble Methods
49,"n_estimators=10, criterion='gini', max_depth=None, min_samples_split=2, min_samples_leaf=1, min_weight_fraction_leaf=0.0, max_features='auto', max_leaf_nodes=None, bootstrap=False, oob_score=False, n_jobs=1, random_state=None, verbose=0, warm_start=False, class_weight=None","[('n_estimators', '10'), ('criterion', ""'gini'""), ('max_depth', 'None'), ('min_samples_split', '2'), ('min_samples_leaf', '1'), ('min_weight_fraction_leaf', '0.0'), ('max_features', ""'auto'""), ('max_leaf_nodes', 'None'), ('bootstrap', 'False'), ('oob_score', 'False'), ('n_jobs', '1'), ('random_state', 'None'), ('verbose', '0'), ('warm_start', 'False'), ('class_weight', 'None')]",ExtraTreesClassifier,http://scikit-learn.org/stable/modules/generated/sklearn.ensemble.ExtraTreesClassifier.html#sklearn.ensemble.ExtraTreesClassifier,sklearn.ensemble,Ensemble Methods
50,"n_estimators=10, criterion='mse', max_depth=None, min_samples_split=2, min_samples_leaf=1, min_weight_fraction_leaf=0.0, max_features='auto', max_leaf_nodes=None, bootstrap=False, oob_score=False, n_jobs=1, random_state=None, verbose=0, warm_start=False","[('n_estimators', '10'), ('criterion', ""'mse'""), ('max_depth', 'None'), ('min_samples_split', '2'), ('min_samples_leaf', '1'), ('min_weight_fraction_leaf', '0.0'), ('max_features', ""'auto'""), ('max_leaf_nodes', 'None'), ('bootstrap', 'False'), ('oob_score', 'False'), ('n_jobs', '1'), ('random_state', 'None'), ('verbose', '0'), ('warm_start', 'False')]",ExtraTreesRegressor,http://scikit-learn.org/stable/modules/generated/sklearn.ensemble.ExtraTreesRegressor.html#sklearn.ensemble.ExtraTreesRegressor,sklearn.ensemble,Ensemble Methods
51,"loss='deviance', learning_rate=0.1, n_estimators=100, subsample=1.0, min_samples_split=2, min_samples_leaf=1, min_weight_fraction_leaf=0.0, max_depth=3, init=None, random_state=None, max_features=None, verbose=0, max_leaf_nodes=None, warm_start=False, presort='auto'","[('loss', ""'deviance'""), ('learning_rate', '0.1'), ('n_estimators', '100'), ('subsample', '1.0'), ('min_samples_split', '2'), ('min_samples_leaf', '1'), ('min_weight_fraction_leaf', '0.0'), ('max_depth', '3'), ('init', 'None'), ('random_state', 'None'), ('max_features', 'None'), ('verbose', '0'), ('max_leaf_nodes', 'None'), ('warm_start', 'False'), ('presort', ""'auto'"")]",GradientBoostingClassifier,http://scikit-learn.org/stable/modules/generated/sklearn.ensemble.GradientBoostingClassifier.html#sklearn.ensemble.GradientBoostingClassifier,sklearn.ensemble,Ensemble Methods
52,"loss='ls', learning_rate=0.1, n_estimators=100, subsample=1.0, min_samples_split=2, min_samples_leaf=1, min_weight_fraction_leaf=0.0, max_depth=3, init=None, random_state=None, max_features=None, alpha=0.9, verbose=0, max_leaf_nodes=None, warm_start=False, presort='auto'","[('loss', ""'ls'""), ('learning_rate', '0.1'), ('n_estimators', '100'), ('subsample', '1.0'), ('min_samples_split', '2'), ('min_samples_leaf', '1'), ('min_weight_fraction_leaf', '0.0'), ('max_depth', '3'), ('init', 'None'), ('random_state', 'None'), ('max_features', 'None'), ('alpha', '0.9'), ('verbose', '0'), ('max_leaf_nodes', 'None'), ('warm_start', 'False'), ('presort', ""'auto'"")]",GradientBoostingRegressor,http://scikit-learn.org/stable/modules/generated/sklearn.ensemble.GradientBoostingRegressor.html#sklearn.ensemble.GradientBoostingRegressor,sklearn.ensemble,Ensemble Methods
53,"n_estimators=10, criterion='gini', max_depth=None, min_samples_split=2, min_samples_leaf=1, min_weight_fraction_leaf=0.0, max_features='auto', max_leaf_nodes=None, bootstrap=True, oob_score=False, n_jobs=1, random_state=None, verbose=0, warm_start=False, class_weight=None","[('n_estimators', '10'), ('criterion', ""'gini'""), ('max_depth', 'None'), ('min_samples_split', '2'), ('min_samples_leaf', '1'), ('min_weight_fraction_leaf', '0.0'), ('max_features', ""'auto'""), ('max_leaf_nodes', 'None'), ('bootstrap', 'True'), ('oob_score', 'False'), ('n_jobs', '1'), ('random_state', 'None'), ('verbose', '0'), ('warm_start', 'False'), ('class_weight', 'None')]",RandomForestClassifier,http://scikit-learn.org/stable/modules/generated/sklearn.ensemble.RandomForestClassifier.html#sklearn.ensemble.RandomForestClassifier,sklearn.ensemble,Ensemble Methods
54,"n_estimators=10, max_depth=5, min_samples_split=2, min_samples_leaf=1, min_weight_fraction_leaf=0.0, max_leaf_nodes=None, sparse_output=True, n_jobs=1, random_state=None, verbose=0, warm_start=False","[('n_estimators', '10'), ('max_depth', '5'), ('min_samples_split', '2'), ('min_samples_leaf', '1'), ('min_weight_fraction_leaf', '0.0'), ('max_leaf_nodes', 'None'), ('sparse_output', 'True'), ('n_jobs', '1'), ('random_state', 'None'), ('verbose', '0'), ('warm_start', 'False')]",RandomTreesEmbedding,http://scikit-learn.org/stable/modules/generated/sklearn.ensemble.RandomTreesEmbedding.html#sklearn.ensemble.RandomTreesEmbedding,sklearn.ensemble,Ensemble Methods
55,"n_estimators=10, criterion='mse', max_depth=None, min_samples_split=2, min_samples_leaf=1, min_weight_fraction_leaf=0.0, max_features='auto', max_leaf_nodes=None, bootstrap=True, oob_score=False, n_jobs=1, random_state=None, verbose=0, warm_start=False","[('n_estimators', '10'), ('criterion', ""'mse'""), ('max_depth', 'None'), ('min_samples_split', '2'), ('min_samples_leaf', '1'), ('min_weight_fraction_leaf', '0.0'), ('max_features', ""'auto'""), ('max_leaf_nodes', 'None'), ('bootstrap', 'True'), ('oob_score', 'False'), ('n_jobs', '1'), ('random_state', 'None'), ('verbose', '0'), ('warm_start', 'False')]",RandomForestRegressor,http://scikit-learn.org/stable/modules/generated/sklearn.ensemble.RandomForestRegressor.html#sklearn.ensemble.RandomForestRegressor,sklearn.ensemble,Ensemble Methods
56,"estimators=None, voting='hard', weights=None","[('estimators', None), ('voting', ""'hard'""), ('weights', 'None')]",VotingClassifier,http://scikit-learn.org/stable/modules/generated/sklearn.ensemble.VotingClassifier.html#sklearn.ensemble.VotingClassifier,sklearn.ensemble,Ensemble Methods
57,"dtype=<class 'numpy.float64'>, separator='=', sparse=True, sort=True","[('dtype', ""<class 'numpy.float64'>""), ('separator', ""'='""), ('sparse', 'True'), ('sort', 'True')]",DictVectorizer,http://scikit-learn.org/stable/modules/generated/sklearn.feature_extraction.DictVectorizer.html#sklearn.feature_extraction.DictVectorizer,sklearn.feature_extraction,Feature Extraction
58,"n_features=1048576, input_type='dict', dtype=<class 'numpy.float64'>, non_negative=False","[('n_features', '1048576'), ('input_type', ""'dict'""), ('dtype', ""<class 'numpy.float64'>""), ('non_negative', 'False')]",FeatureHasher,http://scikit-learn.org/stable/modules/generated/sklearn.feature_extraction.FeatureHasher.html#sklearn.feature_extraction.FeatureHasher,sklearn.feature_extraction,Feature Extraction
59,"score_func=<function f_classif at 0x7f5d61708510>, mode='percentile', param=1e-05","[('score_func', '<function f_classif at 0x7f5d61708510>'), ('mode', ""'percentile'""), ('param', '1e-05')]",GenericUnivariateSelect,http://scikit-learn.org/stable/modules/generated/sklearn.feature_selection.GenericUnivariateSelect.html#sklearn.feature_selection.GenericUnivariateSelect,sklearn.feature_selection,Feature Selection
60,"score_func=<function f_classif at 0x7f49246ca048>, percentile=10","[('score_func', '<function f_classif at 0x7f49246ca048>'), ('percentile', '10')]",SelectPercentile,http://scikit-learn.org/stable/modules/generated/sklearn.feature_selection.SelectPercentile.html#sklearn.feature_selection.SelectPercentile,sklearn.feature_selection,Feature Selection
61,"score_func=<function f_classif at 0x7f49246ca048>, k=10","[('score_func', '<function f_classif at 0x7f49246ca048>'), ('k', '10')]",SelectKBest,http://scikit-learn.org/stable/modules/generated/sklearn.feature_selection.SelectKBest.html#sklearn.feature_selection.SelectKBest,sklearn.feature_selection,Feature Selection
62,"score_func=<function f_classif at 0x7f5d61708510>, alpha=0.05","[('score_func', '<function f_classif at 0x7f5d61708510>'), ('alpha', '0.05')]",SelectFpr,http://scikit-learn.org/stable/modules/generated/sklearn.feature_selection.SelectFpr.html#sklearn.feature_selection.SelectFpr,sklearn.feature_selection,Feature Selection
63,"score_func=<function f_classif at 0x7f5d61708510>, alpha=0.05","[('score_func', '<function f_classif at 0x7f5d61708510>'), ('alpha', '0.05')]",SelectFdr,http://scikit-learn.org/stable/modules/generated/sklearn.feature_selection.SelectFdr.html#sklearn.feature_selection.SelectFdr,sklearn.feature_selection,Feature Selection
64,"estimator=None, threshold=None, prefit=False","[('estimator', None), ('threshold', 'None'), ('prefit', 'False')]",SelectFromModel,http://scikit-learn.org/stable/modules/generated/sklearn.feature_selection.SelectFromModel.html#sklearn.feature_selection.SelectFromModel,sklearn.feature_selection,Feature Selection
65,"score_func=<function f_classif at 0x7f5d61708510>, alpha=0.05","[('score_func', '<function f_classif at 0x7f5d61708510>'), ('alpha', '0.05')]",SelectFwe,http://scikit-learn.org/stable/modules/generated/sklearn.feature_selection.SelectFwe.html#sklearn.feature_selection.SelectFwe,sklearn.feature_selection,Feature Selection
66,"estimator=None, n_features_to_select=None, step=1, estimator_params=None, verbose=0","[('estimator', None), ('n_features_to_select', 'None'), ('step', '1'), ('estimator_params', 'None'), ('verbose', '0')]",RFE,http://scikit-learn.org/stable/modules/generated/sklearn.feature_selection.RFE.html#sklearn.feature_selection.RFE,sklearn.feature_selection,Feature Selection
67,"estimator=None, step=1, cv=None, scoring=None, estimator_params=None, verbose=0","[('estimator', None), ('step', '1'), ('cv', 'None'), ('scoring', 'None'), ('estimator_params', 'None'), ('verbose', '0')]",RFECV,http://scikit-learn.org/stable/modules/generated/sklearn.feature_selection.RFECV.html#sklearn.feature_selection.RFECV,sklearn.feature_selection,Feature Selection
68,threshold=0.0,"[('threshold', '0.0')]",VarianceThreshold,http://scikit-learn.org/stable/modules/generated/sklearn.feature_selection.VarianceThreshold.html#sklearn.feature_selection.VarianceThreshold,sklearn.feature_selection,Feature Selection
69,"regr='constant', corr='squared_exponential', beta0=None, storage_mode='full', verbose=False, theta0=0.1, thetaL=None, thetaU=None, optimizer='fmin_cobyla', random_start=1, normalize=True, nugget=2.2204460492503131e-15, random_state=None","[('regr', ""'constant'""), ('corr', ""'squared_exponential'""), ('beta0', 'None'), ('storage_mode', ""'full'""), ('verbose', 'False'), ('theta0', '0.1'), ('thetaL', 'None'), ('thetaU', 'None'), ('optimizer', ""'fmin_cobyla'""), ('random_start', '1'), ('normalize', 'True'), ('nugget', '2.2204460492503131e-15'), ('random_state', 'None')]",GaussianProcess,http://scikit-learn.org/stable/modules/generated/sklearn.gaussian_process.GaussianProcess.html#sklearn.gaussian_process.GaussianProcess,sklearn.gaussian_process,Gaussian Processes
70,"estimator=None, param_grid=None, scoring=None, fit_params=None, n_jobs=1, iid=True, refit=True, cv=None, verbose=0, pre_dispatch='2*n_jobs', error_score='raise'","[('estimator', None), ('param_grid', None), ('scoring', 'None'), ('fit_params', 'None'), ('n_jobs', '1'), ('iid', 'True'), ('refit', 'True'), ('cv', 'None'), ('verbose', '0'), ('pre_dispatch', ""'2*n_jobs'""), ('error_score', ""'raise'"")]",GridSearchCV,http://scikit-learn.org/stable/modules/generated/sklearn.grid_search.GridSearchCV.html#sklearn.grid_search.GridSearchCV,sklearn.grid_search,Grid Search
71,param_grid=None,"[('param_grid', None)]",ParameterGrid,http://scikit-learn.org/stable/modules/generated/sklearn.grid_search.ParameterGrid.html#sklearn.grid_search.ParameterGrid,sklearn.grid_search,Grid Search
72,"param_distributions=None, n_iter=None, random_state=None","[('param_distributions', None), ('n_iter', None), ('random_state', 'None')]",ParameterSampler,http://scikit-learn.org/stable/modules/generated/sklearn.grid_search.ParameterSampler.html#sklearn.grid_search.ParameterSampler,sklearn.grid_search,Grid Search
73,"estimator=None, param_distributions=None, n_iter=10, scoring=None, fit_params=None, n_jobs=1, iid=True, refit=True, cv=None, verbose=0, pre_dispatch='2*n_jobs', random_state=None, error_score='raise'","[('estimator', None), ('param_distributions', None), ('n_iter', '10'), ('scoring', 'None'), ('fit_params', 'None'), ('n_jobs', '1'), ('iid', 'True'), ('refit', 'True'), ('cv', 'None'), ('verbose', '0'), ('pre_dispatch', ""'2*n_jobs'""), ('random_state', 'None'), ('error_score', ""'raise'"")]",RandomizedSearchCV,http://scikit-learn.org/stable/modules/generated/sklearn.grid_search.RandomizedSearchCV.html#sklearn.grid_search.RandomizedSearchCV,sklearn.grid_search,Grid Search
74,"y_min=None, y_max=None, increasing=True, out_of_bounds='nan'","[('y_min', 'None'), ('y_max', 'None'), ('increasing', 'True'), ('out_of_bounds', ""'nan'"")]",IsotonicRegression,http://scikit-learn.org/stable/modules/generated/sklearn.isotonic.IsotonicRegression.html#sklearn.isotonic.IsotonicRegression,sklearn.isotonic,Isotonic regression
75,"sample_steps=2, sample_interval=None","[('sample_steps', '2'), ('sample_interval', 'None')]",AdditiveChi2Sampler,http://scikit-learn.org/stable/modules/generated/sklearn.kernel_approximation.AdditiveChi2Sampler.html#sklearn.kernel_approximation.AdditiveChi2Sampler,sklearn.kernel_approximation,Kernel Approximation
76,"kernel='rbf', gamma=None, coef0=1, degree=3, kernel_params=None, n_components=100, random_state=None","[('kernel', ""'rbf'""), ('gamma', 'None'), ('coef0', '1'), ('degree', '3'), ('kernel_params', 'None'), ('n_components', '100'), ('random_state', 'None')]",Nystroem,http://scikit-learn.org/stable/modules/generated/sklearn.kernel_approximation.Nystroem.html#sklearn.kernel_approximation.Nystroem,sklearn.kernel_approximation,Kernel Approximation
77,"gamma=1.0, n_components=100, random_state=None","[('gamma', '1.0'), ('n_components', '100'), ('random_state', 'None')]",RBFSampler,http://scikit-learn.org/stable/modules/generated/sklearn.kernel_approximation.RBFSampler.html#sklearn.kernel_approximation.RBFSampler,sklearn.kernel_approximation,Kernel Approximation
78,"skewedness=1.0, n_components=100, random_state=None","[('skewedness', '1.0'), ('n_components', '100'), ('random_state', 'None')]",SkewedChi2Sampler,http://scikit-learn.org/stable/modules/generated/sklearn.kernel_approximation.SkewedChi2Sampler.html#sklearn.kernel_approximation.SkewedChi2Sampler,sklearn.kernel_approximation,Kernel Approximation
79,"alpha=1, kernel='linear', gamma=None, degree=3, coef0=1, kernel_params=None","[('alpha', '1'), ('kernel', ""'linear'""), ('gamma', 'None'), ('degree', '3'), ('coef0', '1'), ('kernel_params', 'None')]",KernelRidge,http://scikit-learn.org/stable/modules/generated/sklearn.kernel_ridge.KernelRidge.html#sklearn.kernel_ridge.KernelRidge,sklearn.kernel_ridge,Kernel Ridge Regression
80,"solver='svd', shrinkage=None, priors=None, n_components=None, store_covariance=False, tol=0.0001","[('solver', ""'svd'""), ('shrinkage', 'None'), ('priors', 'None'), ('n_components', 'None'), ('store_covariance', 'False'), ('tol', '0.0001')]",LinearDiscriminantAnalysis,http://scikit-learn.org/stable/modules/generated/sklearn.discriminant_analysis.LinearDiscriminantAnalysis.html#sklearn.discriminant_analysis.LinearDiscriminantAnalysis,sklearn.discriminant_analysis,Discriminant Analysis
81,"priors=None, reg_param=0.0, store_covariances=False, tol=0.0001","[('priors', 'None'), ('reg_param', '0.0'), ('store_covariances', 'False'), ('tol', '0.0001')]",QuadraticDiscriminantAnalysis,http://scikit-learn.org/stable/modules/generated/sklearn.discriminant_analysis.QuadraticDiscriminantAnalysis.html#sklearn.discriminant_analysis.QuadraticDiscriminantAnalysis,sklearn.discriminant_analysis,Discriminant Analysis
82,"n_iter=300, tol=0.001, alpha_1=1e-06, alpha_2=1e-06, lambda_1=1e-06, lambda_2=1e-06, compute_score=False, threshold_lambda=10000.0, fit_intercept=True, normalize=False, copy_X=True, verbose=False","[('n_iter', '300'), ('tol', '0.001'), ('alpha_1', '1e-06'), ('alpha_2', '1e-06'), ('lambda_1', '1e-06'), ('lambda_2', '1e-06'), ('compute_score', 'False'), ('threshold_lambda', '10000.0'), ('fit_intercept', 'True'), ('normalize', 'False'), ('copy_X', 'True'), ('verbose', 'False')]",ARDRegression,http://scikit-learn.org/stable/modules/generated/sklearn.linear_model.ARDRegression.html#sklearn.linear_model.ARDRegression,sklearn.linear_model,Generalized Linear Models
83,"n_iter=300, tol=0.001, alpha_1=1e-06, alpha_2=1e-06, lambda_1=1e-06, lambda_2=1e-06, compute_score=False, fit_intercept=True, normalize=False, copy_X=True, verbose=False","[('n_iter', '300'), ('tol', '0.001'), ('alpha_1', '1e-06'), ('alpha_2', '1e-06'), ('lambda_1', '1e-06'), ('lambda_2', '1e-06'), ('compute_score', 'False'), ('fit_intercept', 'True'), ('normalize', 'False'), ('copy_X', 'True'), ('verbose', 'False')]",BayesianRidge,http://scikit-learn.org/stable/modules/generated/sklearn.linear_model.BayesianRidge.html#sklearn.linear_model.BayesianRidge,sklearn.linear_model,Generalized Linear Models
84,"alpha=1.0, l1_ratio=0.5, fit_intercept=True, normalize=False, precompute=False, max_iter=1000, copy_X=True, tol=0.0001, warm_start=False, positive=False, random_state=None, selection='cyclic'","[('alpha', '1.0'), ('l1_ratio', '0.5'), ('fit_intercept', 'True'), ('normalize', 'False'), ('precompute', 'False'), ('max_iter', '1000'), ('copy_X', 'True'), ('tol', '0.0001'), ('warm_start', 'False'), ('positive', 'False'), ('random_state', 'None'), ('selection', ""'cyclic'"")]",ElasticNet,http://scikit-learn.org/stable/modules/generated/sklearn.linear_model.ElasticNet.html#sklearn.linear_model.ElasticNet,sklearn.linear_model,Generalized Linear Models
85,"l1_ratio=0.5, eps=0.001, n_alphas=100, alphas=None, fit_intercept=True, normalize=False, precompute='auto', max_iter=1000, tol=0.0001, cv=None, copy_X=True, verbose=0, n_jobs=1, positive=False, random_state=None, selection='cyclic'","[('l1_ratio', '0.5'), ('eps', '0.001'), ('n_alphas', '100'), ('alphas', 'None'), ('fit_intercept', 'True'), ('normalize', 'False'), ('precompute', ""'auto'""), ('max_iter', '1000'), ('tol', '0.0001'), ('cv', 'None'), ('copy_X', 'True'), ('verbose', '0'), ('n_jobs', '1'), ('positive', 'False'), ('random_state', 'None'), ('selection', ""'cyclic'"")]",ElasticNetCV,http://scikit-learn.org/stable/modules/generated/sklearn.linear_model.ElasticNetCV.html#sklearn.linear_model.ElasticNetCV,sklearn.linear_model,Generalized Linear Models
86,"fit_intercept=True, verbose=False, normalize=True, precompute='auto', n_nonzero_coefs=500, eps=2.2204460492503131e-16, copy_X=True, fit_path=True, positive=False","[('fit_intercept', 'True'), ('verbose', 'False'), ('normalize', 'True'), ('precompute', ""'auto'""), ('n_nonzero_coefs', '500'), ('eps', '2.2204460492503131e-16'), ('copy_X', 'True'), ('fit_path', 'True'), ('positive', 'False')]",Lars,http://scikit-learn.org/stable/modules/generated/sklearn.linear_model.Lars.html#sklearn.linear_model.Lars,sklearn.linear_model,Generalized Linear Models
87,"fit_intercept=True, verbose=False, max_iter=500, normalize=True, precompute='auto', cv=None, max_n_alphas=1000, n_jobs=1, eps=2.2204460492503131e-16, copy_X=True, positive=False","[('fit_intercept', 'True'), ('verbose', 'False'), ('max_iter', '500'), ('normalize', 'True'), ('precompute', ""'auto'""), ('cv', 'None'), ('max_n_alphas', '1000'), ('n_jobs', '1'), ('eps', '2.2204460492503131e-16'), ('copy_X', 'True'), ('positive', 'False')]",LarsCV,http://scikit-learn.org/stable/modules/generated/sklearn.linear_model.LarsCV.html#sklearn.linear_model.LarsCV,sklearn.linear_model,Generalized Linear Models
88,"alpha=1.0, fit_intercept=True, normalize=False, precompute=False, copy_X=True, max_iter=1000, tol=0.0001, warm_start=False, positive=False, random_state=None, selection='cyclic'","[('alpha', '1.0'), ('fit_intercept', 'True'), ('normalize', 'False'), ('precompute', 'False'), ('copy_X', 'True'), ('max_iter', '1000'), ('tol', '0.0001'), ('warm_start', 'False'), ('positive', 'False'), ('random_state', 'None'), ('selection', ""'cyclic'"")]",Lasso,http://scikit-learn.org/stable/modules/generated/sklearn.linear_model.Lasso.html#sklearn.linear_model.Lasso,sklearn.linear_model,Generalized Linear Models
89,"eps=0.001, n_alphas=100, alphas=None, fit_intercept=True, normalize=False, precompute='auto', max_iter=1000, tol=0.0001, copy_X=True, cv=None, verbose=False, n_jobs=1, positive=False, random_state=None, selection='cyclic'","[('eps', '0.001'), ('n_alphas', '100'), ('alphas', 'None'), ('fit_intercept', 'True'), ('normalize', 'False'), ('precompute', ""'auto'""), ('max_iter', '1000'), ('tol', '0.0001'), ('copy_X', 'True'), ('cv', 'None'), ('verbose', 'False'), ('n_jobs', '1'), ('positive', 'False'), ('random_state', 'None'), ('selection', ""'cyclic'"")]",LassoCV,http://scikit-learn.org/stable/modules/generated/sklearn.linear_model.LassoCV.html#sklearn.linear_model.LassoCV,sklearn.linear_model,Generalized Linear Models
90,"alpha=1.0, fit_intercept=True, verbose=False, normalize=True, precompute='auto', max_iter=500, eps=2.2204460492503131e-16, copy_X=True, fit_path=True, positive=False","[('alpha', '1.0'), ('fit_intercept', 'True'), ('verbose', 'False'), ('normalize', 'True'), ('precompute', ""'auto'""), ('max_iter', '500'), ('eps', '2.2204460492503131e-16'), ('copy_X', 'True'), ('fit_path', 'True'), ('positive', 'False')]",LassoLars,http://scikit-learn.org/stable/modules/generated/sklearn.linear_model.LassoLars.html#sklearn.linear_model.LassoLars,sklearn.linear_model,Generalized Linear Models
91,"fit_intercept=True, verbose=False, max_iter=500, normalize=True, precompute='auto', cv=None, max_n_alphas=1000, n_jobs=1, eps=2.2204460492503131e-16, copy_X=True, positive=False","[('fit_intercept', 'True'), ('verbose', 'False'), ('max_iter', '500'), ('normalize', 'True'), ('precompute', ""'auto'""), ('cv', 'None'), ('max_n_alphas', '1000'), ('n_jobs', '1'), ('eps', '2.2204460492503131e-16'), ('copy_X', 'True'), ('positive', 'False')]",LassoLarsCV,http://scikit-learn.org/stable/modules/generated/sklearn.linear_model.LassoLarsCV.html#sklearn.linear_model.LassoLarsCV,sklearn.linear_model,Generalized Linear Models
92,"criterion='aic', fit_intercept=True, verbose=False, normalize=True, precompute='auto', max_iter=500, eps=2.2204460492503131e-16, copy_X=True, positive=False","[('criterion', ""'aic'""), ('fit_intercept', 'True'), ('verbose', 'False'), ('normalize', 'True'), ('precompute', ""'auto'""), ('max_iter', '500'), ('eps', '2.2204460492503131e-16'), ('copy_X', 'True'), ('positive', 'False')]",LassoLarsIC,http://scikit-learn.org/stable/modules/generated/sklearn.linear_model.LassoLarsIC.html#sklearn.linear_model.LassoLarsIC,sklearn.linear_model,Generalized Linear Models
93,"fit_intercept=True, normalize=False, copy_X=True, n_jobs=1","[('fit_intercept', 'True'), ('normalize', 'False'), ('copy_X', 'True'), ('n_jobs', '1')]",LinearRegression,http://scikit-learn.org/stable/modules/generated/sklearn.linear_model.LinearRegression.html#sklearn.linear_model.LinearRegression,sklearn.linear_model,Generalized Linear Models
94,"penalty='l2', dual=False, tol=0.0001, C=1.0, fit_intercept=True, intercept_scaling=1, class_weight=None, random_state=None, solver='liblinear', max_iter=100, multi_class='ovr', verbose=0, warm_start=False, n_jobs=1","[('penalty', ""'l2'""), ('dual', 'False'), ('tol', '0.0001'), ('C', '1.0'), ('fit_intercept', 'True'), ('intercept_scaling', '1'), ('class_weight', 'None'), ('random_state', 'None'), ('solver', ""'liblinear'""), ('max_iter', '100'), ('multi_class', ""'ovr'""), ('verbose', '0'), ('warm_start', 'False'), ('n_jobs', '1')]",LogisticRegression,http://scikit-learn.org/stable/modules/generated/sklearn.linear_model.LogisticRegression.html#sklearn.linear_model.LogisticRegression,sklearn.linear_model,Generalized Linear Models
95,"Cs=10, fit_intercept=True, cv=None, dual=False, penalty='l2', scoring=None, solver='lbfgs', tol=0.0001, max_iter=100, class_weight=None, n_jobs=1, verbose=0, refit=True, intercept_scaling=1.0, multi_class='ovr', random_state=None","[('Cs', '10'), ('fit_intercept', 'True'), ('cv', 'None'), ('dual', 'False'), ('penalty', ""'l2'""), ('scoring', 'None'), ('solver', ""'lbfgs'""), ('tol', '0.0001'), ('max_iter', '100'), ('class_weight', 'None'), ('n_jobs', '1'), ('verbose', '0'), ('refit', 'True'), ('intercept_scaling', '1.0'), ('multi_class', ""'ovr'""), ('random_state', 'None')]",LogisticRegressionCV,http://scikit-learn.org/stable/modules/generated/sklearn.linear_model.LogisticRegressionCV.html#sklearn.linear_model.LogisticRegressionCV,sklearn.linear_model,Generalized Linear Models
96,"alpha=1.0, fit_intercept=True, normalize=False, copy_X=True, max_iter=1000, tol=0.0001, warm_start=False, random_state=None, selection='cyclic'","[('alpha', '1.0'), ('fit_intercept', 'True'), ('normalize', 'False'), ('copy_X', 'True'), ('max_iter', '1000'), ('tol', '0.0001'), ('warm_start', 'False'), ('random_state', 'None'), ('selection', ""'cyclic'"")]",MultiTaskLasso,http://scikit-learn.org/stable/modules/generated/sklearn.linear_model.MultiTaskLasso.html#sklearn.linear_model.MultiTaskLasso,sklearn.linear_model,Generalized Linear Models
97,"alpha=1.0, l1_ratio=0.5, fit_intercept=True, normalize=False, copy_X=True, max_iter=1000, tol=0.0001, warm_start=False, random_state=None, selection='cyclic'","[('alpha', '1.0'), ('l1_ratio', '0.5'), ('fit_intercept', 'True'), ('normalize', 'False'), ('copy_X', 'True'), ('max_iter', '1000'), ('tol', '0.0001'), ('warm_start', 'False'), ('random_state', 'None'), ('selection', ""'cyclic'"")]",MultiTaskElasticNet,http://scikit-learn.org/stable/modules/generated/sklearn.linear_model.MultiTaskElasticNet.html#sklearn.linear_model.MultiTaskElasticNet,sklearn.linear_model,Generalized Linear Models
98,"eps=0.001, n_alphas=100, alphas=None, fit_intercept=True, normalize=False, max_iter=1000, tol=0.0001, copy_X=True, cv=None, verbose=False, n_jobs=1, random_state=None, selection='cyclic'","[('eps', '0.001'), ('n_alphas', '100'), ('alphas', 'None'), ('fit_intercept', 'True'), ('normalize', 'False'), ('max_iter', '1000'), ('tol', '0.0001'), ('copy_X', 'True'), ('cv', 'None'), ('verbose', 'False'), ('n_jobs', '1'), ('random_state', 'None'), ('selection', ""'cyclic'"")]",MultiTaskLassoCV,http://scikit-learn.org/stable/modules/generated/sklearn.linear_model.MultiTaskLassoCV.html#sklearn.linear_model.MultiTaskLassoCV,sklearn.linear_model,Generalized Linear Models
99,"l1_ratio=0.5, eps=0.001, n_alphas=100, alphas=None, fit_intercept=True, normalize=False, max_iter=1000, tol=0.0001, cv=None, copy_X=True, verbose=0, n_jobs=1, random_state=None, selection='cyclic'","[('l1_ratio', '0.5'), ('eps', '0.001'), ('n_alphas', '100'), ('alphas', 'None'), ('fit_intercept', 'True'), ('normalize', 'False'), ('max_iter', '1000'), ('tol', '0.0001'), ('cv', 'None'), ('copy_X', 'True'), ('verbose', '0'), ('n_jobs', '1'), ('random_state', 'None'), ('selection', ""'cyclic'"")]",MultiTaskElasticNetCV,http://scikit-learn.org/stable/modules/generated/sklearn.linear_model.MultiTaskElasticNetCV.html#sklearn.linear_model.MultiTaskElasticNetCV,sklearn.linear_model,Generalized Linear Models
100,"n_nonzero_coefs=None, tol=None, fit_intercept=True, normalize=True, precompute='auto'","[('n_nonzero_coefs', 'None'), ('tol', 'None'), ('fit_intercept', 'True'), ('normalize', 'True'), ('precompute', ""'auto'"")]",OrthogonalMatchingPursuit,http://scikit-learn.org/stable/modules/generated/sklearn.linear_model.OrthogonalMatchingPursuit.html#sklearn.linear_model.OrthogonalMatchingPursuit,sklearn.linear_model,Generalized Linear Models
101,"copy=True, fit_intercept=True, normalize=True, max_iter=None, cv=None, n_jobs=1, verbose=False","[('copy', 'True'), ('fit_intercept', 'True'), ('normalize', 'True'), ('max_iter', 'None'), ('cv', 'None'), ('n_jobs', '1'), ('verbose', 'False')]",OrthogonalMatchingPursuitCV,http://scikit-learn.org/stable/modules/generated/sklearn.linear_model.OrthogonalMatchingPursuitCV.html#sklearn.linear_model.OrthogonalMatchingPursuitCV,sklearn.linear_model,Generalized Linear Models
102,"C=1.0, fit_intercept=True, n_iter=5, shuffle=True, verbose=0, loss='hinge', n_jobs=1, random_state=None, warm_start=False, class_weight=None","[('C', '1.0'), ('fit_intercept', 'True'), ('n_iter', '5'), ('shuffle', 'True'), ('verbose', '0'), ('loss', ""'hinge'""), ('n_jobs', '1'), ('random_state', 'None'), ('warm_start', 'False'), ('class_weight', 'None')]",PassiveAggressiveClassifier,http://scikit-learn.org/stable/modules/generated/sklearn.linear_model.PassiveAggressiveClassifier.html#sklearn.linear_model.PassiveAggressiveClassifier,sklearn.linear_model,Generalized Linear Models
103,"C=1.0, fit_intercept=True, n_iter=5, shuffle=True, verbose=0, loss='epsilon_insensitive', epsilon=0.1, random_state=None, warm_start=False","[('C', '1.0'), ('fit_intercept', 'True'), ('n_iter', '5'), ('shuffle', 'True'), ('verbose', '0'), ('loss', ""'epsilon_insensitive'""), ('epsilon', '0.1'), ('random_state', 'None'), ('warm_start', 'False')]",PassiveAggressiveRegressor,http://scikit-learn.org/stable/modules/generated/sklearn.linear_model.PassiveAggressiveRegressor.html#sklearn.linear_model.PassiveAggressiveRegressor,sklearn.linear_model,Generalized Linear Models
104,"penalty=None, alpha=0.0001, fit_intercept=True, n_iter=5, shuffle=True, verbose=0, eta0=1.0, n_jobs=1, random_state=0, class_weight=None, warm_start=False","[('penalty', 'None'), ('alpha', '0.0001'), ('fit_intercept', 'True'), ('n_iter', '5'), ('shuffle', 'True'), ('verbose', '0'), ('eta0', '1.0'), ('n_jobs', '1'), ('random_state', '0'), ('class_weight', 'None'), ('warm_start', 'False')]",Perceptron,http://scikit-learn.org/stable/modules/generated/sklearn.linear_model.Perceptron.html#sklearn.linear_model.Perceptron,sklearn.linear_model,Generalized Linear Models
105,"alpha='aic', scaling=0.5, sample_fraction=0.75, n_resampling=200, selection_threshold=0.25, fit_intercept=True, verbose=False, normalize=True, precompute='auto', max_iter=500, eps=2.2204460492503131e-16, random_state=None, n_jobs=1, pre_dispatch='3*n_jobs', memory=Memory(cachedir=None)","[('alpha', ""'aic'""), ('scaling', '0.5'), ('sample_fraction', '0.75'), ('n_resampling', '200'), ('selection_threshold', '0.25'), ('fit_intercept', 'True'), ('verbose', 'False'), ('normalize', 'True'), ('precompute', ""'auto'""), ('max_iter', '500'), ('eps', '2.2204460492503131e-16'), ('random_state', 'None'), ('n_jobs', '1'), ('pre_dispatch', ""'3*n_jobs'""), ('memory', 'Memory(cachedir=None)')]",RandomizedLasso,http://scikit-learn.org/stable/modules/generated/sklearn.linear_model.RandomizedLasso.html#sklearn.linear_model.RandomizedLasso,sklearn.linear_model,Generalized Linear Models
106,"C=1, scaling=0.5, sample_fraction=0.75, n_resampling=200, selection_threshold=0.25, tol=0.001, fit_intercept=True, verbose=False, normalize=True, random_state=None, n_jobs=1, pre_dispatch='3*n_jobs', memory=Memory(cachedir=None)","[('C', '1'), ('scaling', '0.5'), ('sample_fraction', '0.75'), ('n_resampling', '200'), ('selection_threshold', '0.25'), ('tol', '0.001'), ('fit_intercept', 'True'), ('verbose', 'False'), ('normalize', 'True'), ('random_state', 'None'), ('n_jobs', '1'), ('pre_dispatch', ""'3*n_jobs'""), ('memory', 'Memory(cachedir=None)')]",RandomizedLogisticRegression,http://scikit-learn.org/stable/modules/generated/sklearn.linear_model.RandomizedLogisticRegression.html#sklearn.linear_model.RandomizedLogisticRegression,sklearn.linear_model,Generalized Linear Models
107,"base_estimator=None, min_samples=None, residual_threshold=None, is_data_valid=None, is_model_valid=None, max_trials=100, stop_n_inliers=inf, stop_score=inf, stop_probability=0.99, residual_metric=None, random_state=None","[('base_estimator', 'None'), ('min_samples', 'None'), ('residual_threshold', 'None'), ('is_data_valid', 'None'), ('is_model_valid', 'None'), ('max_trials', '100'), ('stop_n_inliers', 'inf'), ('stop_score', 'inf'), ('stop_probability', '0.99'), ('residual_metric', 'None'), ('random_state', 'None')]",RANSACRegressor,http://scikit-learn.org/stable/modules/generated/sklearn.linear_model.RANSACRegressor.html#sklearn.linear_model.RANSACRegressor,sklearn.linear_model,Generalized Linear Models
108,"alpha=1.0, fit_intercept=True, normalize=False, copy_X=True, max_iter=None, tol=0.001, solver='auto', random_state=None","[('alpha', '1.0'), ('fit_intercept', 'True'), ('normalize', 'False'), ('copy_X', 'True'), ('max_iter', 'None'), ('tol', '0.001'), ('solver', ""'auto'""), ('random_state', 'None')]",Ridge,http://scikit-learn.org/stable/modules/generated/sklearn.linear_model.Ridge.html#sklearn.linear_model.Ridge,sklearn.linear_model,Generalized Linear Models
109,"alpha=1.0, fit_intercept=True, normalize=False, copy_X=True, max_iter=None, tol=0.001, class_weight=None, solver='auto', random_state=None","[('alpha', '1.0'), ('fit_intercept', 'True'), ('normalize', 'False'), ('copy_X', 'True'), ('max_iter', 'None'), ('tol', '0.001'), ('class_weight', 'None'), ('solver', ""'auto'""), ('random_state', 'None')]",RidgeClassifier,http://scikit-learn.org/stable/modules/generated/sklearn.linear_model.RidgeClassifier.html#sklearn.linear_model.RidgeClassifier,sklearn.linear_model,Generalized Linear Models
110,"alphas=(0.1, 1.0=None, 10.0)=None, fit_intercept=True, normalize=False, scoring=None, cv=None, class_weight=None","[('alphas', '(0.1'), ('1.0', None), ('10.0)', None), ('fit_intercept', 'True'), ('normalize', 'False'), ('scoring', 'None'), ('cv', 'None'), ('class_weight', 'None')]",RidgeClassifierCV,http://scikit-learn.org/stable/modules/generated/sklearn.linear_model.RidgeClassifierCV.html#sklearn.linear_model.RidgeClassifierCV,sklearn.linear_model,Generalized Linear Models
111,"alphas=(0.1, 1.0=None, 10.0)=None, fit_intercept=True, normalize=False, scoring=None, cv=None, gcv_mode=None, store_cv_values=False","[('alphas', '(0.1'), ('1.0', None), ('10.0)', None), ('fit_intercept', 'True'), ('normalize', 'False'), ('scoring', 'None'), ('cv', 'None'), ('gcv_mode', 'None'), ('store_cv_values', 'False')]",RidgeCV,http://scikit-learn.org/stable/modules/generated/sklearn.linear_model.RidgeCV.html#sklearn.linear_model.RidgeCV,sklearn.linear_model,Generalized Linear Models
112,"loss='hinge', penalty='l2', alpha=0.0001, l1_ratio=0.15, fit_intercept=True, n_iter=5, shuffle=True, verbose=0, epsilon=0.1, n_jobs=1, random_state=None, learning_rate='optimal', eta0=0.0, power_t=0.5, class_weight=None, warm_start=False, average=False","[('loss', ""'hinge'""), ('penalty', ""'l2'""), ('alpha', '0.0001'), ('l1_ratio', '0.15'), ('fit_intercept', 'True'), ('n_iter', '5'), ('shuffle', 'True'), ('verbose', '0'), ('epsilon', '0.1'), ('n_jobs', '1'), ('random_state', 'None'), ('learning_rate', ""'optimal'""), ('eta0', '0.0'), ('power_t', '0.5'), ('class_weight', 'None'), ('warm_start', 'False'), ('average', 'False')]",SGDClassifier,http://scikit-learn.org/stable/modules/generated/sklearn.linear_model.SGDClassifier.html#sklearn.linear_model.SGDClassifier,sklearn.linear_model,Generalized Linear Models
113,"loss='squared_loss', penalty='l2', alpha=0.0001, l1_ratio=0.15, fit_intercept=True, n_iter=5, shuffle=True, verbose=0, epsilon=0.1, random_state=None, learning_rate='invscaling', eta0=0.01, power_t=0.25, warm_start=False, average=False","[('loss', ""'squared_loss'""), ('penalty', ""'l2'""), ('alpha', '0.0001'), ('l1_ratio', '0.15'), ('fit_intercept', 'True'), ('n_iter', '5'), ('shuffle', 'True'), ('verbose', '0'), ('epsilon', '0.1'), ('random_state', 'None'), ('learning_rate', ""'invscaling'""), ('eta0', '0.01'), ('power_t', '0.25'), ('warm_start', 'False'), ('average', 'False')]",SGDRegressor,http://scikit-learn.org/stable/modules/generated/sklearn.linear_model.SGDRegressor.html#sklearn.linear_model.SGDRegressor,sklearn.linear_model,Generalized Linear Models
114,"fit_intercept=True, copy_X=True, max_subpopulation=10000.0, n_subsamples=None, max_iter=300, tol=0.001, random_state=None, n_jobs=1, verbose=False","[('fit_intercept', 'True'), ('copy_X', 'True'), ('max_subpopulation', '10000.0'), ('n_subsamples', 'None'), ('max_iter', '300'), ('tol', '0.001'), ('random_state', 'None'), ('n_jobs', '1'), ('verbose', 'False')]",TheilSenRegressor,http://scikit-learn.org/stable/modules/generated/sklearn.linear_model.TheilSenRegressor.html#sklearn.linear_model.TheilSenRegressor,sklearn.linear_model,Generalized Linear Models
115,"n_neighbors=5, n_components=2, reg=0.001, eigen_solver='auto', tol=1e-06, max_iter=100, method='standard', hessian_tol=0.0001, modified_tol=1e-12, neighbors_algorithm='auto', random_state=None","[('n_neighbors', '5'), ('n_components', '2'), ('reg', '0.001'), ('eigen_solver', ""'auto'""), ('tol', '1e-06'), ('max_iter', '100'), ('method', ""'standard'""), ('hessian_tol', '0.0001'), ('modified_tol', '1e-12'), ('neighbors_algorithm', ""'auto'""), ('random_state', 'None')]",LocallyLinearEmbedding,http://scikit-learn.org/stable/modules/generated/sklearn.manifold.LocallyLinearEmbedding.html#sklearn.manifold.LocallyLinearEmbedding,sklearn.manifold,Manifold Learning
116,"n_neighbors=5, n_components=2, eigen_solver='auto', tol=0, max_iter=None, path_method='auto', neighbors_algorithm='auto'","[('n_neighbors', '5'), ('n_components', '2'), ('eigen_solver', ""'auto'""), ('tol', '0'), ('max_iter', 'None'), ('path_method', ""'auto'""), ('neighbors_algorithm', ""'auto'"")]",Isomap,http://scikit-learn.org/stable/modules/generated/sklearn.manifold.Isomap.html#sklearn.manifold.Isomap,sklearn.manifold,Manifold Learning
117,"n_components=2, metric=True, n_init=4, max_iter=300, verbose=0, eps=0.001, n_jobs=1, random_state=None, dissimilarity='euclidean'","[('n_components', '2'), ('metric', 'True'), ('n_init', '4'), ('max_iter', '300'), ('verbose', '0'), ('eps', '0.001'), ('n_jobs', '1'), ('random_state', 'None'), ('dissimilarity', ""'euclidean'"")]",MDS,http://scikit-learn.org/stable/modules/generated/sklearn.manifold.MDS.html#sklearn.manifold.MDS,sklearn.manifold,Manifold Learning
118,"n_components=2, affinity='nearest_neighbors', gamma=None, random_state=None, eigen_solver=None, n_neighbors=None","[('n_components', '2'), ('affinity', ""'nearest_neighbors'""), ('gamma', 'None'), ('random_state', 'None'), ('eigen_solver', 'None'), ('n_neighbors', 'None')]",SpectralEmbedding,http://scikit-learn.org/stable/modules/generated/sklearn.manifold.SpectralEmbedding.html#sklearn.manifold.SpectralEmbedding,sklearn.manifold,Manifold Learning
119,"n_components=2, perplexity=30.0, early_exaggeration=4.0, learning_rate=1000.0, n_iter=1000, n_iter_without_progress=30, min_grad_norm=1e-07, metric='euclidean', init='random', verbose=0, random_state=None, method='barnes_hut', angle=0.5","[('n_components', '2'), ('perplexity', '30.0'), ('early_exaggeration', '4.0'), ('learning_rate', '1000.0'), ('n_iter', '1000'), ('n_iter_without_progress', '30'), ('min_grad_norm', '1e-07'), ('metric', ""'euclidean'""), ('init', ""'random'""), ('verbose', '0'), ('random_state', 'None'), ('method', ""'barnes_hut'""), ('angle', '0.5')]",TSNE,http://scikit-learn.org/stable/modules/generated/sklearn.manifold.TSNE.html#sklearn.manifold.TSNE,sklearn.manifold,Manifold Learning
120,"n_components=1, covariance_type='diag', random_state=None, thresh=None, tol=0.001, min_covar=0.001, n_iter=100, n_init=1, params='wmc', init_params='wmc', verbose=0","[('n_components', '1'), ('covariance_type', ""'diag'""), ('random_state', 'None'), ('thresh', 'None'), ('tol', '0.001'), ('min_covar', '0.001'), ('n_iter', '100'), ('n_init', '1'), ('params', ""'wmc'""), ('init_params', ""'wmc'""), ('verbose', '0')]",GMM,http://scikit-learn.org/stable/modules/generated/sklearn.mixture.GMM.html#sklearn.mixture.GMM,sklearn.mixture,Gaussian Mixture Models
121,"n_components=1, covariance_type='diag', alpha=1.0, random_state=None, thresh=None, tol=0.001, verbose=0, min_covar=None, n_iter=10, params='wmc', init_params='wmc'","[('n_components', '1'), ('covariance_type', ""'diag'""), ('alpha', '1.0'), ('random_state', 'None'), ('thresh', 'None'), ('tol', '0.001'), ('verbose', '0'), ('min_covar', 'None'), ('n_iter', '10'), ('params', ""'wmc'""), ('init_params', ""'wmc'"")]",DPGMM,http://scikit-learn.org/stable/modules/generated/sklearn.mixture.DPGMM.html#sklearn.mixture.DPGMM,sklearn.mixture,Gaussian Mixture Models
122,"n_components=1, covariance_type='diag', alpha=1.0, random_state=None, thresh=None, tol=0.001, verbose=0, min_covar=None, n_iter=10, params='wmc', init_params='wmc'","[('n_components', '1'), ('covariance_type', ""'diag'""), ('alpha', '1.0'), ('random_state', 'None'), ('thresh', 'None'), ('tol', '0.001'), ('verbose', '0'), ('min_covar', 'None'), ('n_iter', '10'), ('params', ""'wmc'""), ('init_params', ""'wmc'"")]",VBGMM,http://scikit-learn.org/stable/modules/generated/sklearn.mixture.VBGMM.html#sklearn.mixture.VBGMM,sklearn.mixture,Gaussian Mixture Models
123,"estimator=None, n_jobs=1","[('estimator', None), ('n_jobs', '1')]",OneVsRestClassifier,http://scikit-learn.org/stable/modules/generated/sklearn.multiclass.OneVsRestClassifier.html#sklearn.multiclass.OneVsRestClassifier,sklearn.multiclass,Multiclass and multilabel classification
124,"estimator=None, n_jobs=1","[('estimator', None), ('n_jobs', '1')]",OneVsOneClassifier,http://scikit-learn.org/stable/modules/generated/sklearn.multiclass.OneVsOneClassifier.html#sklearn.multiclass.OneVsOneClassifier,sklearn.multiclass,Multiclass and multilabel classification
125,"estimator=None, code_size=1.5, random_state=None, n_jobs=1","[('estimator', None), ('code_size', '1.5'), ('random_state', 'None'), ('n_jobs', '1')]",OutputCodeClassifier,http://scikit-learn.org/stable/modules/generated/sklearn.multiclass.OutputCodeClassifier.html#sklearn.multiclass.OutputCodeClassifier,sklearn.multiclass,Multiclass and multilabel classification
126,,[],GaussianNB,http://scikit-learn.org/stable/modules/generated/sklearn.naive_bayes.GaussianNB.html#sklearn.naive_bayes.GaussianNB,sklearn.naive_bayes,Naive Bayes
127,"alpha=1.0, fit_prior=True, class_prior=None","[('alpha', '1.0'), ('fit_prior', 'True'), ('class_prior', 'None')]",MultinomialNB,http://scikit-learn.org/stable/modules/generated/sklearn.naive_bayes.MultinomialNB.html#sklearn.naive_bayes.MultinomialNB,sklearn.naive_bayes,Naive Bayes
128,"alpha=1.0, binarize=0.0, fit_prior=True, class_prior=None","[('alpha', '1.0'), ('binarize', '0.0'), ('fit_prior', 'True'), ('class_prior', 'None')]",BernoulliNB,http://scikit-learn.org/stable/modules/generated/sklearn.naive_bayes.BernoulliNB.html#sklearn.naive_bayes.BernoulliNB,sklearn.naive_bayes,Naive Bayes
129,"n_neighbors=5, radius=1.0, algorithm='auto', leaf_size=30, metric='minkowski', p=2, metric_params=None, n_jobs=1, **kwargs=None","[('n_neighbors', '5'), ('radius', '1.0'), ('algorithm', ""'auto'""), ('leaf_size', '30'), ('metric', ""'minkowski'""), ('p', '2'), ('metric_params', 'None'), ('n_jobs', '1'), ('**kwargs', None)]",NearestNeighbors,http://scikit-learn.org/stable/modules/generated/sklearn.neighbors.NearestNeighbors.html#sklearn.neighbors.NearestNeighbors,sklearn.neighbors,Nearest Neighbors
130,"n_neighbors=5, weights='uniform', algorithm='auto', leaf_size=30, p=2, metric='minkowski', metric_params=None, n_jobs=1, **kwargs=None","[('n_neighbors', '5'), ('weights', ""'uniform'""), ('algorithm', ""'auto'""), ('leaf_size', '30'), ('p', '2'), ('metric', ""'minkowski'""), ('metric_params', 'None'), ('n_jobs', '1'), ('**kwargs', None)]",KNeighborsClassifier,http://scikit-learn.org/stable/modules/generated/sklearn.neighbors.KNeighborsClassifier.html#sklearn.neighbors.KNeighborsClassifier,sklearn.neighbors,Nearest Neighbors
131,"radius=1.0, weights='uniform', algorithm='auto', leaf_size=30, p=2, metric='minkowski', outlier_label=None, metric_params=None, **kwargs=None","[('radius', '1.0'), ('weights', ""'uniform'""), ('algorithm', ""'auto'""), ('leaf_size', '30'), ('p', '2'), ('metric', ""'minkowski'""), ('outlier_label', 'None'), ('metric_params', 'None'), ('**kwargs', None)]",RadiusNeighborsClassifier,http://scikit-learn.org/stable/modules/generated/sklearn.neighbors.RadiusNeighborsClassifier.html#sklearn.neighbors.RadiusNeighborsClassifier,sklearn.neighbors,Nearest Neighbors
132,"n_neighbors=5, weights='uniform', algorithm='auto', leaf_size=30, p=2, metric='minkowski', metric_params=None, n_jobs=1, **kwargs=None","[('n_neighbors', '5'), ('weights', ""'uniform'""), ('algorithm', ""'auto'""), ('leaf_size', '30'), ('p', '2'), ('metric', ""'minkowski'""), ('metric_params', 'None'), ('n_jobs', '1'), ('**kwargs', None)]",KNeighborsRegressor,http://scikit-learn.org/stable/modules/generated/sklearn.neighbors.KNeighborsRegressor.html#sklearn.neighbors.KNeighborsRegressor,sklearn.neighbors,Nearest Neighbors
133,"radius=1.0, weights='uniform', algorithm='auto', leaf_size=30, p=2, metric='minkowski', metric_params=None, **kwargs=None","[('radius', '1.0'), ('weights', ""'uniform'""), ('algorithm', ""'auto'""), ('leaf_size', '30'), ('p', '2'), ('metric', ""'minkowski'""), ('metric_params', 'None'), ('**kwargs', None)]",RadiusNeighborsRegressor,http://scikit-learn.org/stable/modules/generated/sklearn.neighbors.RadiusNeighborsRegressor.html#sklearn.neighbors.RadiusNeighborsRegressor,sklearn.neighbors,Nearest Neighbors
134,"metric='euclidean', shrink_threshold=None","[('metric', ""'euclidean'""), ('shrink_threshold', 'None')]",NearestCentroid,http://scikit-learn.org/stable/modules/generated/sklearn.neighbors.NearestCentroid.html#sklearn.neighbors.NearestCentroid,sklearn.neighbors,Nearest Neighbors
135,,[],BallTree,http://scikit-learn.org/stable/modules/generated/sklearn.neighbors.BallTree.html#sklearn.neighbors.BallTree,sklearn.neighbors,Nearest Neighbors
136,,[],KDTree,http://scikit-learn.org/stable/modules/generated/sklearn.neighbors.KDTree.html#sklearn.neighbors.KDTree,sklearn.neighbors,Nearest Neighbors
137,"n_estimators=10, radius=1.0, n_candidates=50, n_neighbors=5, min_hash_match=4, radius_cutoff_ratio=0.9, random_state=None","[('n_estimators', '10'), ('radius', '1.0'), ('n_candidates', '50'), ('n_neighbors', '5'), ('min_hash_match', '4'), ('radius_cutoff_ratio', '0.9'), ('random_state', 'None')]",LSHForest,http://scikit-learn.org/stable/modules/generated/sklearn.neighbors.LSHForest.html#sklearn.neighbors.LSHForest,sklearn.neighbors,Nearest Neighbors
138,,[],DistanceMetric,http://scikit-learn.org/stable/modules/generated/sklearn.neighbors.DistanceMetric.html#sklearn.neighbors.DistanceMetric,sklearn.neighbors,Nearest Neighbors
139,"bandwidth=1.0, algorithm='auto', kernel='gaussian', metric='euclidean', atol=0, rtol=0, breadth_first=True, leaf_size=40, metric_params=None","[('bandwidth', '1.0'), ('algorithm', ""'auto'""), ('kernel', ""'gaussian'""), ('metric', ""'euclidean'""), ('atol', '0'), ('rtol', '0'), ('breadth_first', 'True'), ('leaf_size', '40'), ('metric_params', 'None')]",KernelDensity,http://scikit-learn.org/stable/modules/generated/sklearn.neighbors.KernelDensity.html#sklearn.neighbors.KernelDensity,sklearn.neighbors,Nearest Neighbors
140,"n_components=256, learning_rate=0.1, batch_size=10, n_iter=10, verbose=0, random_state=None","[('n_components', '256'), ('learning_rate', '0.1'), ('batch_size', '10'), ('n_iter', '10'), ('verbose', '0'), ('random_state', 'None')]",BernoulliRBM,http://scikit-learn.org/stable/modules/generated/sklearn.neural_network.BernoulliRBM.html#sklearn.neural_network.BernoulliRBM,sklearn.neural_network,Neural network models
141,"base_estimator=None, method='sigmoid', cv=3","[('base_estimator', 'None'), ('method', ""'sigmoid'""), ('cv', '3')]",CalibratedClassifierCV,http://scikit-learn.org/stable/modules/generated/sklearn.calibration.CalibratedClassifierCV.html#sklearn.calibration.CalibratedClassifierCV,sklearn.calibration,Probability Calibration
142,"n_components=2, scale=True, max_iter=500, tol=1e-06, copy=True","[('n_components', '2'), ('scale', 'True'), ('max_iter', '500'), ('tol', '1e-06'), ('copy', 'True')]",PLSRegression,http://scikit-learn.org/stable/modules/generated/sklearn.cross_decomposition.PLSRegression.html#sklearn.cross_decomposition.PLSRegression,sklearn.cross_decomposition,Cross decomposition
143,"n_components=2, scale=True, algorithm='nipals', max_iter=500, tol=1e-06, copy=True","[('n_components', '2'), ('scale', 'True'), ('algorithm', ""'nipals'""), ('max_iter', '500'), ('tol', '1e-06'), ('copy', 'True')]",PLSCanonical,http://scikit-learn.org/stable/modules/generated/sklearn.cross_decomposition.PLSCanonical.html#sklearn.cross_decomposition.PLSCanonical,sklearn.cross_decomposition,Cross decomposition
144,"n_components=2, scale=True, max_iter=500, tol=1e-06, copy=True","[('n_components', '2'), ('scale', 'True'), ('max_iter', '500'), ('tol', '1e-06'), ('copy', 'True')]",CCA,http://scikit-learn.org/stable/modules/generated/sklearn.cross_decomposition.CCA.html#sklearn.cross_decomposition.CCA,sklearn.cross_decomposition,Cross decomposition
145,"n_components=2, scale=True, copy=True","[('n_components', '2'), ('scale', 'True'), ('copy', 'True')]",PLSSVD,http://scikit-learn.org/stable/modules/generated/sklearn.cross_decomposition.PLSSVD.html#sklearn.cross_decomposition.PLSSVD,sklearn.cross_decomposition,Cross decomposition
146,steps=None,"[('steps', None)]",Pipeline,http://scikit-learn.org/stable/modules/generated/sklearn.pipeline.Pipeline.html#sklearn.pipeline.Pipeline,sklearn.pipeline,Pipeline
147,"transformer_list=None, n_jobs=1, transformer_weights=None","[('transformer_list', None), ('n_jobs', '1'), ('transformer_weights', 'None')]",FeatureUnion,http://scikit-learn.org/stable/modules/generated/sklearn.pipeline.FeatureUnion.html#sklearn.pipeline.FeatureUnion,sklearn.pipeline,Pipeline
148,"threshold=0.0, copy=True","[('threshold', '0.0'), ('copy', 'True')]",Binarizer,http://scikit-learn.org/stable/modules/generated/sklearn.preprocessing.Binarizer.html#sklearn.preprocessing.Binarizer,sklearn.preprocessing,Preprocessing and Normalization
149,"func=None, validate=True, accept_sparse=False, pass_y=False","[('func', 'None'), ('validate', 'True'), ('accept_sparse', 'False'), ('pass_y', 'False')]",FunctionTransformer,http://scikit-learn.org/stable/modules/generated/sklearn.preprocessing.FunctionTransformer.html#sklearn.preprocessing.FunctionTransformer,sklearn.preprocessing,Preprocessing and Normalization
150,"missing_values='NaN', strategy='mean', axis=0, verbose=0, copy=True","[('missing_values', ""'NaN'""), ('strategy', ""'mean'""), ('axis', '0'), ('verbose', '0'), ('copy', 'True')]",Imputer,http://scikit-learn.org/stable/modules/generated/sklearn.preprocessing.Imputer.html#sklearn.preprocessing.Imputer,sklearn.preprocessing,Preprocessing and Normalization
151,,[],KernelCenterer,http://scikit-learn.org/stable/modules/generated/sklearn.preprocessing.KernelCenterer.html#sklearn.preprocessing.KernelCenterer,sklearn.preprocessing,Preprocessing and Normalization
152,"neg_label=0, pos_label=1, sparse_output=False","[('neg_label', '0'), ('pos_label', '1'), ('sparse_output', 'False')]",LabelBinarizer,http://scikit-learn.org/stable/modules/generated/sklearn.preprocessing.LabelBinarizer.html#sklearn.preprocessing.LabelBinarizer,sklearn.preprocessing,Preprocessing and Normalization
153,,[],LabelEncoder,http://scikit-learn.org/stable/modules/generated/sklearn.preprocessing.LabelEncoder.html#sklearn.preprocessing.LabelEncoder,sklearn.preprocessing,Preprocessing and Normalization
154,"classes=None, sparse_output=False","[('classes', 'None'), ('sparse_output', 'False')]",MultiLabelBinarizer,http://scikit-learn.org/stable/modules/generated/sklearn.preprocessing.MultiLabelBinarizer.html#sklearn.preprocessing.MultiLabelBinarizer,sklearn.preprocessing,Preprocessing and Normalization
155,copy=True,"[('copy', 'True')]",MaxAbsScaler,http://scikit-learn.org/stable/modules/generated/sklearn.preprocessing.MaxAbsScaler.html#sklearn.preprocessing.MaxAbsScaler,sklearn.preprocessing,Preprocessing and Normalization
156,"feature_range=(0, 1)=None, copy=True","[('feature_range', '(0'), ('1)', None), ('copy', 'True')]",MinMaxScaler,http://scikit-learn.org/stable/modules/generated/sklearn.preprocessing.MinMaxScaler.html#sklearn.preprocessing.MinMaxScaler,sklearn.preprocessing,Preprocessing and Normalization
157,"norm='l2', copy=True","[('norm', ""'l2'""), ('copy', 'True')]",Normalizer,http://scikit-learn.org/stable/modules/generated/sklearn.preprocessing.Normalizer.html#sklearn.preprocessing.Normalizer,sklearn.preprocessing,Preprocessing and Normalization
158,"n_values='auto', categorical_features='all', dtype=<class 'float'>, sparse=True, handle_unknown='error'","[('n_values', ""'auto'""), ('categorical_features', ""'all'""), ('dtype', ""<class 'float'>""), ('sparse', 'True'), ('handle_unknown', ""'error'"")]",OneHotEncoder,http://scikit-learn.org/stable/modules/generated/sklearn.preprocessing.OneHotEncoder.html#sklearn.preprocessing.OneHotEncoder,sklearn.preprocessing,Preprocessing and Normalization
159,"degree=2, interaction_only=False, include_bias=True","[('degree', '2'), ('interaction_only', 'False'), ('include_bias', 'True')]",PolynomialFeatures,http://scikit-learn.org/stable/modules/generated/sklearn.preprocessing.PolynomialFeatures.html#sklearn.preprocessing.PolynomialFeatures,sklearn.preprocessing,Preprocessing and Normalization
160,"with_centering=True, with_scaling=True, copy=True","[('with_centering', 'True'), ('with_scaling', 'True'), ('copy', 'True')]",RobustScaler,http://scikit-learn.org/stable/modules/generated/sklearn.preprocessing.RobustScaler.html#sklearn.preprocessing.RobustScaler,sklearn.preprocessing,Preprocessing and Normalization
161,"copy=True, with_mean=True, with_std=True","[('copy', 'True'), ('with_mean', 'True'), ('with_std', 'True')]",StandardScaler,http://scikit-learn.org/stable/modules/generated/sklearn.preprocessing.StandardScaler.html#sklearn.preprocessing.StandardScaler,sklearn.preprocessing,Preprocessing and Normalization
162,"n_components='auto', eps=0.1, random_state=None","[('n_components', ""'auto'""), ('eps', '0.1'), ('random_state', 'None')]",GaussianRandomProjection,http://scikit-learn.org/stable/modules/generated/sklearn.random_projection.GaussianRandomProjection.html#sklearn.random_projection.GaussianRandomProjection,sklearn.random_projection,Random projection
163,"n_components='auto', density='auto', eps=0.1, dense_output=False, random_state=None","[('n_components', ""'auto'""), ('density', ""'auto'""), ('eps', '0.1'), ('dense_output', 'False'), ('random_state', 'None')]",SparseRandomProjection,http://scikit-learn.org/stable/modules/generated/sklearn.random_projection.SparseRandomProjection.html#sklearn.random_projection.SparseRandomProjection,sklearn.random_projection,Random projection
164,"kernel='rbf', gamma=20, n_neighbors=7, alpha=1, max_iter=30, tol=0.001","[('kernel', ""'rbf'""), ('gamma', '20'), ('n_neighbors', '7'), ('alpha', '1'), ('max_iter', '30'), ('tol', '0.001')]",LabelPropagation,http://scikit-learn.org/stable/modules/generated/sklearn.semi_supervised.LabelPropagation.html#sklearn.semi_supervised.LabelPropagation,sklearn.semi_supervised,Semi-Supervised Learning
165,"kernel='rbf', gamma=20, n_neighbors=7, alpha=0.2, max_iter=30, tol=0.001","[('kernel', ""'rbf'""), ('gamma', '20'), ('n_neighbors', '7'), ('alpha', '0.2'), ('max_iter', '30'), ('tol', '0.001')]",LabelSpreading,http://scikit-learn.org/stable/modules/generated/sklearn.semi_supervised.LabelSpreading.html#sklearn.semi_supervised.LabelSpreading,sklearn.semi_supervised,Semi-Supervised Learning
166,"C=1.0, kernel='rbf', degree=3, gamma='auto', coef0=0.0, shrinking=True, probability=False, tol=0.001, cache_size=200, class_weight=None, verbose=False, max_iter=-1, decision_function_shape=None, random_state=None","[('C', '1.0'), ('kernel', ""'rbf'""), ('degree', '3'), ('gamma', ""'auto'""), ('coef0', '0.0'), ('shrinking', 'True'), ('probability', 'False'), ('tol', '0.001'), ('cache_size', '200'), ('class_weight', 'None'), ('verbose', 'False'), ('max_iter', '-1'), ('decision_function_shape', 'None'), ('random_state', 'None')]",SVC,http://scikit-learn.org/stable/modules/generated/sklearn.svm.SVC.html#sklearn.svm.SVC,sklearn.svm,Support Vector Machines
167,"penalty='l2', loss='squared_hinge', dual=True, tol=0.0001, C=1.0, multi_class='ovr', fit_intercept=True, intercept_scaling=1, class_weight=None, verbose=0, random_state=None, max_iter=1000","[('penalty', ""'l2'""), ('loss', ""'squared_hinge'""), ('dual', 'True'), ('tol', '0.0001'), ('C', '1.0'), ('multi_class', ""'ovr'""), ('fit_intercept', 'True'), ('intercept_scaling', '1'), ('class_weight', 'None'), ('verbose', '0'), ('random_state', 'None'), ('max_iter', '1000')]",LinearSVC,http://scikit-learn.org/stable/modules/generated/sklearn.svm.LinearSVC.html#sklearn.svm.LinearSVC,sklearn.svm,Support Vector Machines
168,"nu=0.5, kernel='rbf', degree=3, gamma='auto', coef0=0.0, shrinking=True, probability=False, tol=0.001, cache_size=200, class_weight=None, verbose=False, max_iter=-1, decision_function_shape=None, random_state=None","[('nu', '0.5'), ('kernel', ""'rbf'""), ('degree', '3'), ('gamma', ""'auto'""), ('coef0', '0.0'), ('shrinking', 'True'), ('probability', 'False'), ('tol', '0.001'), ('cache_size', '200'), ('class_weight', 'None'), ('verbose', 'False'), ('max_iter', '-1'), ('decision_function_shape', 'None'), ('random_state', 'None')]",NuSVC,http://scikit-learn.org/stable/modules/generated/sklearn.svm.NuSVC.html#sklearn.svm.NuSVC,sklearn.svm,Support Vector Machines
169,"kernel='rbf', degree=3, gamma='auto', coef0=0.0, tol=0.001, C=1.0, epsilon=0.1, shrinking=True, cache_size=200, verbose=False, max_iter=-1","[('kernel', ""'rbf'""), ('degree', '3'), ('gamma', ""'auto'""), ('coef0', '0.0'), ('tol', '0.001'), ('C', '1.0'), ('epsilon', '0.1'), ('shrinking', 'True'), ('cache_size', '200'), ('verbose', 'False'), ('max_iter', '-1')]",SVR,http://scikit-learn.org/stable/modules/generated/sklearn.svm.SVR.html#sklearn.svm.SVR,sklearn.svm,Support Vector Machines
170,"epsilon=0.0, tol=0.0001, C=1.0, loss='epsilon_insensitive', fit_intercept=True, intercept_scaling=1.0, dual=True, verbose=0, random_state=None, max_iter=1000","[('epsilon', '0.0'), ('tol', '0.0001'), ('C', '1.0'), ('loss', ""'epsilon_insensitive'""), ('fit_intercept', 'True'), ('intercept_scaling', '1.0'), ('dual', 'True'), ('verbose', '0'), ('random_state', 'None'), ('max_iter', '1000')]",LinearSVR,http://scikit-learn.org/stable/modules/generated/sklearn.svm.LinearSVR.html#sklearn.svm.LinearSVR,sklearn.svm,Support Vector Machines
171,"nu=0.5, C=1.0, kernel='rbf', degree=3, gamma='auto', coef0=0.0, shrinking=True, tol=0.001, cache_size=200, verbose=False, max_iter=-1","[('nu', '0.5'), ('C', '1.0'), ('kernel', ""'rbf'""), ('degree', '3'), ('gamma', ""'auto'""), ('coef0', '0.0'), ('shrinking', 'True'), ('tol', '0.001'), ('cache_size', '200'), ('verbose', 'False'), ('max_iter', '-1')]",NuSVR,http://scikit-learn.org/stable/modules/generated/sklearn.svm.NuSVR.html#sklearn.svm.NuSVR,sklearn.svm,Support Vector Machines
172,"kernel='rbf', degree=3, gamma='auto', coef0=0.0, tol=0.001, nu=0.5, shrinking=True, cache_size=200, verbose=False, max_iter=-1, random_state=None","[('kernel', ""'rbf'""), ('degree', '3'), ('gamma', ""'auto'""), ('coef0', '0.0'), ('tol', '0.001'), ('nu', '0.5'), ('shrinking', 'True'), ('cache_size', '200'), ('verbose', 'False'), ('max_iter', '-1'), ('random_state', 'None')]",OneClassSVM,http://scikit-learn.org/stable/modules/generated/sklearn.svm.OneClassSVM.html#sklearn.svm.OneClassSVM,sklearn.svm,Support Vector Machines
173,"criterion='gini', splitter='best', max_depth=None, min_samples_split=2, min_samples_leaf=1, min_weight_fraction_leaf=0.0, max_features=None, random_state=None, max_leaf_nodes=None, class_weight=None, presort=False","[('criterion', ""'gini'""), ('splitter', ""'best'""), ('max_depth', 'None'), ('min_samples_split', '2'), ('min_samples_leaf', '1'), ('min_weight_fraction_leaf', '0.0'), ('max_features', 'None'), ('random_state', 'None'), ('max_leaf_nodes', 'None'), ('class_weight', 'None'), ('presort', 'False')]",DecisionTreeClassifier,http://scikit-learn.org/stable/modules/generated/sklearn.tree.DecisionTreeClassifier.html#sklearn.tree.DecisionTreeClassifier,sklearn.tree,Decision Trees
174,"criterion='mse', splitter='best', max_depth=None, min_samples_split=2, min_samples_leaf=1, min_weight_fraction_leaf=0.0, max_features=None, random_state=None, max_leaf_nodes=None, presort=False","[('criterion', ""'mse'""), ('splitter', ""'best'""), ('max_depth', 'None'), ('min_samples_split', '2'), ('min_samples_leaf', '1'), ('min_weight_fraction_leaf', '0.0'), ('max_features', 'None'), ('random_state', 'None'), ('max_leaf_nodes', 'None'), ('presort', 'False')]",DecisionTreeRegressor,http://scikit-learn.org/stable/modules/generated/sklearn.tree.DecisionTreeRegressor.html#sklearn.tree.DecisionTreeRegressor,sklearn.tree,Decision Trees
175,"criterion='gini', splitter='random', max_depth=None, min_samples_split=2, min_samples_leaf=1, min_weight_fraction_leaf=0.0, max_features='auto', random_state=None, max_leaf_nodes=None, class_weight=None","[('criterion', ""'gini'""), ('splitter', ""'random'""), ('max_depth', 'None'), ('min_samples_split', '2'), ('min_samples_leaf', '1'), ('min_weight_fraction_leaf', '0.0'), ('max_features', ""'auto'""), ('random_state', 'None'), ('max_leaf_nodes', 'None'), ('class_weight', 'None')]",ExtraTreeClassifier,http://scikit-learn.org/stable/modules/generated/sklearn.tree.ExtraTreeClassifier.html#sklearn.tree.ExtraTreeClassifier,sklearn.tree,Decision Trees
176,"criterion='mse', splitter='random', max_depth=None, min_samples_split=2, min_samples_leaf=1, min_weight_fraction_leaf=0.0, max_features='auto', random_state=None, max_leaf_nodes=None","[('criterion', ""'mse'""), ('splitter', ""'random'""), ('max_depth', 'None'), ('min_samples_split', '2'), ('min_samples_leaf', '1'), ('min_weight_fraction_leaf', '0.0'), ('max_features', ""'auto'""), ('random_state', 'None'), ('max_leaf_nodes', 'None')]",ExtraTreeRegressor,http://scikit-learn.org/stable/modules/generated/sklearn.tree.ExtraTreeRegressor.html#sklearn.tree.ExtraTreeRegressor,sklearn.tree,Decision Trees
